<?xml version="1.0" encoding="UTF-8"?>
<config xmlns="http://www.knime.org/2008/09/XMLConfig" xmlns:xsi="http://www.w3.org/2001/XMLSchema-instance" xsi:schemaLocation="http://www.knime.org/2008/09/XMLConfig http://www.knime.org/XMLConfig_2008_09.xsd" key="preprocessing">
    <config key="preprocColumns">
        <entry key="array-size" type="xint" value="69"/>
        <entry key="0" type="xstring" value="Column0 (to number)"/>
        <entry key="1" type="xstring" value="Column1 (to number)"/>
        <entry key="2" type="xstring" value="Column2 (to number)"/>
        <entry key="3" type="xstring" value="Column3 (to number)"/>
        <entry key="4" type="xstring" value="Column4 (to number)"/>
        <entry key="5" type="xstring" value="Column5 (to number)"/>
        <entry key="6" type="xstring" value="Column6 (to number)"/>
        <entry key="7" type="xstring" value="Column7 (to number)"/>
        <entry key="8" type="xstring" value="Column8 (to number)"/>
        <entry key="9" type="xstring" value="Column9 (to number)"/>
        <entry key="10" type="xstring" value="Column10 (to number)"/>
        <entry key="11" type="xstring" value="Column11 (to number)"/>
        <entry key="12" type="xstring" value="Column12 (to number)"/>
        <entry key="13" type="xstring" value="Column13 (to number)"/>
        <entry key="14" type="xstring" value="Column14 (to number)"/>
        <entry key="15" type="xstring" value="Column15 (to number)"/>
        <entry key="16" type="xstring" value="Column16 (to number)"/>
        <entry key="17" type="xstring" value="Column17 (to number)"/>
        <entry key="18" type="xstring" value="Column18 (to number)"/>
        <entry key="19" type="xstring" value="Column19 (to number)"/>
        <entry key="20" type="xstring" value="Column20 (to number)"/>
        <entry key="21" type="xstring" value="Column21 (to number)"/>
        <entry key="22" type="xstring" value="Column22 (to number)"/>
        <entry key="23" type="xstring" value="Column23 (to number)"/>
        <entry key="24" type="xstring" value="Column24 (to number)"/>
        <entry key="25" type="xstring" value="Column25 (to number)"/>
        <entry key="26" type="xstring" value="Column26 (to number)"/>
        <entry key="27" type="xstring" value="Column27 (to number)"/>
        <entry key="28" type="xstring" value="Column28 (to number)"/>
        <entry key="29" type="xstring" value="Column29 (to number)"/>
        <entry key="30" type="xstring" value="Column30 (to number)"/>
        <entry key="31" type="xstring" value="Column31 (to number)"/>
        <entry key="32" type="xstring" value="Column32 (to number)"/>
        <entry key="33" type="xstring" value="Column33 (to number)"/>
        <entry key="34" type="xstring" value="Column34 (to number)"/>
        <entry key="35" type="xstring" value="Column35 (to number)"/>
        <entry key="36" type="xstring" value="Column36 (to number)"/>
        <entry key="37" type="xstring" value="Column37 (to number)"/>
        <entry key="38" type="xstring" value="Column38 (to number)"/>
        <entry key="39" type="xstring" value="Column39 (to number)"/>
        <entry key="40" type="xstring" value="Column40 (to number)"/>
        <entry key="41" type="xstring" value="Column41 (to number)"/>
        <entry key="42" type="xstring" value="Column42 (to number)"/>
        <entry key="43" type="xstring" value="Column43 (to number)"/>
        <entry key="44" type="xstring" value="Column44 (to number)"/>
        <entry key="45" type="xstring" value="Column45 (to number)"/>
        <entry key="46" type="xstring" value="Column46 (to number)"/>
        <entry key="47" type="xstring" value="Column47 (to number)"/>
        <entry key="48" type="xstring" value="Column48 (to number)"/>
        <entry key="49" type="xstring" value="Column49 (to number)"/>
        <entry key="50" type="xstring" value="Column50 (to number)"/>
        <entry key="51" type="xstring" value="Column51 (to number)"/>
        <entry key="52" type="xstring" value="Column52 (to number)"/>
        <entry key="53" type="xstring" value="Column53 (to number)"/>
        <entry key="54" type="xstring" value="Column54 (to number)"/>
        <entry key="55" type="xstring" value="Column55 (to number)"/>
        <entry key="56" type="xstring" value="Column56 (to number)"/>
        <entry key="57" type="xstring" value="Column57 (to number)"/>
        <entry key="58" type="xstring" value="Column58 (to number)"/>
        <entry key="59" type="xstring" value="Column59 (to number)"/>
        <entry key="60" type="xstring" value="Column60 (to number)"/>
        <entry key="61" type="xstring" value="Column61 (to number)"/>
        <entry key="62" type="xstring" value="Column62 (to number)"/>
        <entry key="63" type="xstring" value="Column63 (to number)"/>
        <entry key="64" type="xstring" value="Column64 (to number)"/>
        <entry key="65" type="xstring" value="Column65 (to number)"/>
        <entry key="66" type="xstring" value="Column66 (to number)"/>
        <entry key="67" type="xstring" value="Column67 (to number)"/>
        <entry key="68" type="xstring" value="Column68 (to number)"/>
    </config>
</config>
